<?xml version="1.0" encoding="UTF-8" standalone="yes"?>
<manifest>
  <control namespace="MDT.Components" constructor="LookupChoice" version="0.0.1" display-name-key="LookupChoice" description-key="LookupChoice description" control-type="virtual" api-version="1.3.18">
    <external-service-usage enabled="false"/>
    <property name="lookupControl" display-name-key="lookupControl" description-key="lookup Control Description" of-type="Lookup.Simple" usage="bound" required="true"/>
    <property name="sortByName" display-name-key="sortByName_Display_Key" description-key="sortByName_Desc_Key" of-type="Enum" default-value="0" usage="input" required="true">
      <value name="Yes" display-name-key="yes_Display_Key" description-key="yes_Desc_Key">1</value>
      <value name="No" display-name-key="no_Display_Key" description-key="no_Desc_Key">0</value>
    </property>
    <property name="mruSize" display-name-key="mruSize_Display_Key" description-key="mruSize_Desc_Key" of-type="Whole.None" usage="input" default-value="3" required="false"/>
    <property name="attributemask" display-name-key="attributemask_Display_Key" description-key="attributemask_Desc_Key" of-type="SingleLine.Text" usage="input" required="false"/>
    <resources>
      <code path="bundle.js" order="1"/>
      <platform-library name="React" version="16.14.0"/>
      <platform-library name="Fluent" version="9.46.2"/>
    </resources>
    <feature-usage>
      <uses-feature name="Utility" required="true"/>
      <uses-feature name="WebAPI" required="true"/>
    </feature-usage>
    <built-by name="pac" version="1.50.1"/>
  </control>
</manifest>